customer_id,year_month,monthly_expense,monthly_purchase_frequency,cancelled_orders,cancel_rate,cancel_rate_pct,income_proxy_level,estimated_monthly_income
12352.0,2011-03,304.68,7,3,0.42857142857142855,42.86,Low,870.51
12409.0,2011-09,4854.8,5,3,0.6,60.0,Middle,13870.86
12415.0,2011-11,5918.15,6,2,0.3333333333333333,33.33,Middle,16909.0
12428.0,2011-03,5924.62,6,1,0.16666666666666666,16.67,Middle,16927.49
12457.0,2011-04,842.35,5,2,0.4,40.0,Low,2406.71
12471.0,2010-12,3556.71,6,2,0.3333333333333333,33.33,Middle,10162.03
12471.0,2011-01,587.7499999999999,5,4,0.8,80.0,Low,1679.29
12471.0,2011-11,3313.55,8,2,0.25,25.0,Middle,9467.29
12500.0,2011-10,1837.04,5,1,0.2,20.0,Lower-Middle,5248.69
12569.0,2011-10,706.72,6,0,0.0,0.0,Low,2019.2
12569.0,2011-11,537.27,6,1,0.16666666666666666,16.67,Low,1535.06
12569.0,2011-12,695.02,6,0,0.0,0.0,Low,1985.77
12647.0,2010-12,1140.7,5,1,0.2,20.0,Lower-Middle,3259.14
12679.0,2011-10,95.22000000000001,5,4,0.8,80.0,Low,272.06
12681.0,2011-01,2951.67,5,1,0.2,20.0,Lower-Middle,8433.34
12681.0,2011-11,2464.31,5,1,0.2,20.0,Lower-Middle,7040.89
12682.0,2011-11,2425.8,6,0,0.0,0.0,Lower-Middle,6930.86
12704.0,2011-11,675.61,5,2,0.4,40.0,Low,1930.31
12720.0,2011-05,438.93,5,1,0.2,20.0,Low,1254.09
12744.0,2011-04,2118.74,5,2,0.4,40.0,Lower-Middle,6053.54
12748.0,2010-12,4177.68,37,2,0.05405405405405406,5.41,Middle,11936.23
12748.0,2011-02,389.64000000000004,5,0,0.0,0.0,Low,1113.26
12748.0,2011-03,1011.94,13,1,0.07692307692307693,7.69,Lower-Middle,2891.26
12748.0,2011-04,1100.37,6,0,0.0,0.0,Lower-Middle,3143.91
12748.0,2011-05,2224.42,25,1,0.04,4.0,Lower-Middle,6355.49
12748.0,2011-06,2006.26,16,0,0.0,0.0,Lower-Middle,5732.17
12748.0,2011-07,1113.27,13,0,0.0,0.0,Lower-Middle,3180.77
12748.0,2011-08,659.42,15,3,0.2,20.0,Low,1884.06
12748.0,2011-09,4218.650000000001,16,3,0.1875,18.75,Middle,12053.29
12748.0,2011-10,1385.8400000000001,17,1,0.058823529411764705,5.88,Lower-Middle,3959.54
12748.0,2011-11,9295.57,48,3,0.0625,6.25,High,26558.77
12748.0,2011-12,1070.27,9,0,0.0,0.0,Lower-Middle,3057.91
12757.0,2011-05,587.8300000000002,10,5,0.5,50.0,Low,1679.51
12783.0,2011-10,642.01,5,2,0.4,40.0,Low,1834.31
12901.0,2011-05,2927.72,7,3,0.42857142857142855,42.86,Lower-Middle,8364.91
12901.0,2011-06,1131.0800000000002,6,1,0.16666666666666666,16.67,Lower-Middle,3231.66
12921.0,2011-02,1999.63,5,1,0.2,20.0,Lower-Middle,5713.23
12921.0,2011-03,949.5699999999999,8,6,0.75,75.0,Low,2713.06
12921.0,2011-05,1265.44,6,2,0.3333333333333333,33.33,Lower-Middle,3615.54
12921.0,2011-07,2189.48,7,1,0.14285714285714285,14.29,Lower-Middle,6255.66
12921.0,2011-09,2471.4300000000003,5,0,0.0,0.0,Lower-Middle,7061.23
12921.0,2011-11,3863.04,7,0,0.0,0.0,Middle,11037.26
12931.0,2011-08,21149.05,6,2,0.3333333333333333,33.33,High,60425.86
12931.0,2011-11,6565.7,5,2,0.4,40.0,Middle,18759.14
12971.0,2010-12,396.69000000000005,7,2,0.2857142857142857,28.57,Low,1133.4
12971.0,2011-01,657.28,6,0,0.0,0.0,Low,1877.94
12971.0,2011-02,582.1,6,0,0.0,0.0,Low,1663.14
12971.0,2011-03,1158.44,10,0,0.0,0.0,Lower-Middle,3309.83
12971.0,2011-04,1196.2,6,0,0.0,0.0,Lower-Middle,3417.71
12971.0,2011-05,608.01,6,0,0.0,0.0,Low,1737.17
12971.0,2011-06,577.42,6,0,0.0,0.0,Low,1649.77
12971.0,2011-07,1703.81,12,1,0.08333333333333333,8.33,Lower-Middle,4868.03
12971.0,2011-08,715.1600000000001,5,0,0.0,0.0,Low,2043.31
12971.0,2011-09,799.04,6,0,0.0,0.0,Low,2282.97
12971.0,2011-11,1913.45,13,0,0.0,0.0,Lower-Middle,5467.0
13004.0,2011-06,679.76,5,2,0.4,40.0,Low,1942.17
13018.0,2011-11,1187.3600000000001,6,0,0.0,0.0,Lower-Middle,3392.46
13050.0,2010-12,1180.07,6,2,0.3333333333333333,33.33,Lower-Middle,3371.63
13078.0,2011-10,1404.7800000000002,5,1,0.2,20.0,Lower-Middle,4013.66
13078.0,2011-11,1933.84,6,2,0.3333333333333333,33.33,Lower-Middle,5525.26
13081.0,2011-11,9414.36,7,4,0.5714285714285714,57.14,High,26898.17
13089.0,2010-12,5833.21,10,2,0.2,20.0,Middle,16666.31
13089.0,2011-01,5124.58,11,1,0.09090909090909091,9.09,Middle,14641.66
13089.0,2011-02,3975.23,8,2,0.25,25.0,Middle,11357.8
13089.0,2011-03,4369.06,8,2,0.25,25.0,Middle,12483.03
13089.0,2011-04,3268.3599999999997,12,3,0.25,25.0,Middle,9338.17
13089.0,2011-05,4120.45,15,3,0.2,20.0,Middle,11772.71
13089.0,2011-06,3704.18,7,1,0.14285714285714285,14.29,Middle,10583.37
13089.0,2011-07,3642.08,8,2,0.25,25.0,Middle,10405.94
13089.0,2011-08,3566.0,9,3,0.3333333333333333,33.33,Middle,10188.57
13089.0,2011-09,7329.92,10,1,0.1,10.0,Middle,20942.63
13089.0,2011-10,3309.1,9,1,0.1111111111111111,11.11,Middle,9454.57
13089.0,2011-11,4462.09,7,0,0.0,0.0,Middle,12748.83
13098.0,2011-05,3818.0,6,3,0.5,50.0,Middle,10908.57
13098.0,2011-07,2224.06,5,1,0.2,20.0,Lower-Middle,6354.46
13098.0,2011-12,2340.83,5,2,0.4,40.0,Lower-Middle,6688.09
13113.0,2011-02,1077.79,5,3,0.6,60.0,Lower-Middle,3079.4
13113.0,2011-04,1000.77,7,3,0.42857142857142855,42.86,Lower-Middle,2859.34
13113.0,2011-05,3266.9,7,3,0.42857142857142855,42.86,Middle,9334.0
13199.0,2011-10,2519.2599999999998,5,0,0.0,0.0,Lower-Middle,7197.89
13199.0,2011-11,1915.88,8,0,0.0,0.0,Lower-Middle,5473.94
13263.0,2011-05,958.48,5,0,0.0,0.0,Low,2738.51
13263.0,2011-10,937.6600000000001,6,0,0.0,0.0,Low,2679.03
13267.0,2010-12,543.7,5,3,0.6,60.0,Low,1553.43
13268.0,2011-11,737.67,5,1,0.2,20.0,Low,2107.63
13319.0,2010-12,1500.98,6,2,0.3333333333333333,33.33,Lower-Middle,4288.51
13408.0,2010-12,3001.85,7,2,0.2857142857142857,28.57,Middle,8576.71
13408.0,2011-04,2071.9,6,0,0.0,0.0,Lower-Middle,5919.71
13408.0,2011-05,1871.22,7,1,0.14285714285714285,14.29,Lower-Middle,5346.34
13408.0,2011-06,1790.97,7,1,0.14285714285714285,14.29,Lower-Middle,5117.06
13408.0,2011-07,2337.47,6,3,0.5,50.0,Lower-Middle,6678.49
13408.0,2011-08,1944.55,10,4,0.4,40.0,Lower-Middle,5555.86
13408.0,2011-09,2863.07,7,1,0.14285714285714285,14.29,Lower-Middle,8180.2
13408.0,2011-10,2137.21,7,1,0.14285714285714285,14.29,Lower-Middle,6106.31
13408.0,2011-11,4003.11,10,3,0.3,30.0,Middle,11437.46
13418.0,2010-12,1579.62,5,0,0.0,0.0,Lower-Middle,4513.2
13448.0,2010-12,788.54,5,2,0.4,40.0,Low,2252.97
13468.0,2011-03,690.62,5,0,0.0,0.0,Low,1973.2
13534.0,2011-01,497.15,7,3,0.42857142857142855,42.86,Low,1420.43
13534.0,2011-04,446.87,5,2,0.4,40.0,Low,1276.77
13588.0,2011-11,435.90999999999997,5,2,0.4,40.0,Low,1245.46
13599.0,2011-11,1990.16,10,1,0.1,10.0,Lower-Middle,5686.17
13694.0,2011-02,3741.14,5,0,0.0,0.0,Middle,10688.97
13694.0,2011-04,2014.37,7,1,0.14285714285714285,14.29,Lower-Middle,5755.34
13694.0,2011-05,5466.88,9,2,0.2222222222222222,22.22,Middle,15619.66
13694.0,2011-08,9493.19,9,2,0.2222222222222222,22.22,High,27123.4
13704.0,2011-09,1289.3999999999999,5,0,0.0,0.0,Lower-Middle,3684.0
13715.0,2010-12,476.23,5,2,0.4,40.0,Low,1360.66
13725.0,2011-02,1424.08,5,1,0.2,20.0,Lower-Middle,4068.8
13742.0,2011-06,997.54,6,1,0.16666666666666666,16.67,Low,2850.11
13755.0,2011-11,1079.47,6,1,0.16666666666666666,16.67,Lower-Middle,3084.2
13767.0,2010-12,2437.26,7,1,0.14285714285714285,14.29,Lower-Middle,6963.6
13767.0,2011-02,1022.3299999999999,5,2,0.4,40.0,Lower-Middle,2920.94
13767.0,2011-04,1503.44,7,1,0.14285714285714285,14.29,Lower-Middle,4295.54
13767.0,2011-05,1532.13,7,2,0.2857142857142857,28.57,Lower-Middle,4377.51
13767.0,2011-09,3592.2000000000003,6,1,0.16666666666666666,16.67,Middle,10263.43
13777.0,2010-12,6919.780000000001,11,1,0.09090909090909091,9.09,Middle,19770.8
13798.0,2011-01,4696.33,6,1,0.16666666666666666,16.67,Middle,13418.09
13798.0,2011-03,3453.44,6,0,0.0,0.0,Middle,9866.97
13798.0,2011-04,3001.8,8,2,0.25,25.0,Middle,8576.57
13798.0,2011-05,4649.96,9,0,0.0,0.0,Middle,13285.6
13798.0,2011-10,2407.12,5,1,0.2,20.0,Lower-Middle,6877.49
13798.0,2011-11,2377.8900000000003,5,0,0.0,0.0,Lower-Middle,6793.97
13881.0,2011-11,4076.06,6,1,0.16666666666666666,16.67,Middle,11645.89
13883.0,2011-05,693.39,5,2,0.4,40.0,Low,1981.11
13890.0,2011-11,749.75,6,2,0.3333333333333333,33.33,Low,2142.14
13924.0,2011-11,455.84,7,4,0.5714285714285714,57.14,Low,1302.4
14032.0,2011-11,639.0500000000001,5,2,0.4,40.0,Low,1825.86
14056.0,2011-05,1413.78,5,1,0.2,20.0,Lower-Middle,4039.37
14056.0,2011-08,653.73,6,2,0.3333333333333333,33.33,Low,1867.8
14088.0,2011-11,16851.61,5,0,0.0,0.0,High,48147.46
14096.0,2011-09,8016.9800000000005,11,6,0.5454545454545454,54.55,High,22905.66
14096.0,2011-10,16813.7,11,5,0.45454545454545453,45.45,High,48039.14
14096.0,2011-11,24434.449999999997,8,4,0.5,50.0,High,69812.71
14102.0,2011-11,775.13,6,3,0.5,50.0,Low,2214.66
14156.0,2011-02,6106.53,6,1,0.16666666666666666,16.67,Middle,17447.23
14156.0,2011-03,9739.67,7,1,0.14285714285714285,14.29,High,27827.63
14156.0,2011-06,9757.79,7,0,0.0,0.0,High,27879.4
14156.0,2011-07,26464.989999999998,5,0,0.0,0.0,High,75614.26
14156.0,2011-08,3750.71,6,1,0.16666666666666666,16.67,Middle,10716.31
14156.0,2011-09,19578.52,9,1,0.1111111111111111,11.11,High,55938.63
14156.0,2011-10,5874.33,8,1,0.125,12.5,Middle,16783.8
14156.0,2011-11,6611.82,10,5,0.5,50.0,Middle,18890.91
14180.0,2011-01,521.1,5,3,0.6,60.0,Low,1488.86
14189.0,2011-11,596.65,5,3,0.6,60.0,Low,1704.71
14194.0,2011-03,1023.0400000000001,5,3,0.6,60.0,Lower-Middle,2922.97
14194.0,2011-05,1802.43,5,1,0.2,20.0,Lower-Middle,5149.8
14227.0,2011-05,1072.6000000000001,5,1,0.2,20.0,Lower-Middle,3064.57
14298.0,2010-12,4689.46,5,0,0.0,0.0,Middle,13398.46
14298.0,2011-02,3981.34,5,0,0.0,0.0,Middle,11375.26
14298.0,2011-04,9656.85,7,0,0.0,0.0,High,27591.0
14298.0,2011-06,4352.04,5,0,0.0,0.0,Middle,12434.4
14298.0,2011-09,8645.619999999999,5,0,0.0,0.0,High,24701.77
14299.0,2011-01,548.3,6,3,0.5,50.0,Low,1566.57
14390.0,2011-11,2150.66,5,1,0.2,20.0,Lower-Middle,6144.74
14426.0,2011-11,1558.31,6,2,0.3333333333333333,33.33,Lower-Middle,4452.31
14527.0,2010-12,827.89,8,4,0.5,50.0,Low,2365.4
14527.0,2011-01,739.23,6,1,0.16666666666666666,16.67,Low,2112.09
14527.0,2011-02,374.44,6,1,0.16666666666666666,16.67,Low,1069.83
14527.0,2011-03,338.25,7,3,0.42857142857142855,42.86,Low,966.43
14527.0,2011-04,296.71,6,2,0.3333333333333333,33.33,Low,847.74
14527.0,2011-05,456.33000000000004,8,4,0.5,50.0,Low,1303.8
14527.0,2011-06,513.8,7,3,0.42857142857142855,42.86,Low,1468.0
14527.0,2011-07,611.16,8,3,0.375,37.5,Low,1746.17
14527.0,2011-08,499.03000000000003,5,1,0.2,20.0,Low,1425.8
14527.0,2011-09,645.68,7,3,0.42857142857142855,42.86,Low,1844.8
14527.0,2011-10,850.19,8,3,0.375,37.5,Low,2429.11
14527.0,2011-11,955.4,7,2,0.2857142857142857,28.57,Low,2729.71
14533.0,2011-10,516.6,5,2,0.4,40.0,Low,1476.0
14543.0,2011-03,97.69,5,2,0.4,40.0,Low,279.11
14547.0,2011-11,3017.04,6,1,0.16666666666666666,16.67,Middle,8620.11
14573.0,2011-05,446.62,7,4,0.5714285714285714,57.14,Low,1276.06
14606.0,2010-12,1225.76,11,3,0.2727272727272727,27.27,Lower-Middle,3502.17
14606.0,2011-01,1446.22,12,5,0.4166666666666667,41.67,Lower-Middle,4132.06
14606.0,2011-02,1160.1299999999999,15,4,0.26666666666666666,26.67,Lower-Middle,3314.66
14606.0,2011-03,1251.91,10,2,0.2,20.0,Lower-Middle,3576.89
14606.0,2011-04,897.6800000000001,10,2,0.2,20.0,Low,2564.8
14606.0,2011-05,669.04,9,3,0.3333333333333333,33.33,Low,1911.54
14606.0,2011-06,921.78,10,2,0.2,20.0,Low,2633.66
14606.0,2011-07,790.01,8,1,0.125,12.5,Low,2257.17
14606.0,2011-08,784.39,8,2,0.25,25.0,Low,2241.11
14606.0,2011-09,418.20000000000005,12,5,0.4166666666666667,41.67,Low,1194.86
14606.0,2011-10,680.33,8,2,0.25,25.0,Low,1943.8
14606.0,2011-11,1112.69,13,4,0.3076923076923077,30.77,Lower-Middle,3179.11
14607.0,2011-10,6806.8,11,2,0.18181818181818182,18.18,Middle,19448.0
14607.0,2011-11,4039.3,5,1,0.2,20.0,Middle,11540.86
14646.0,2011-02,22752.46,5,1,0.2,20.0,High,65007.03
14646.0,2011-05,28408.14,8,0,0.0,0.0,High,81166.11
14646.0,2011-06,25288.989999999998,7,0,0.0,0.0,High,72254.26
14646.0,2011-08,39655.81,10,2,0.2,20.0,High,113302.31
14646.0,2011-09,26750.7,6,0,0.0,0.0,High,76430.57
14646.0,2011-10,39995.95,12,0,0.0,0.0,High,114274.14
14646.0,2011-11,25375.41,12,0,0.0,0.0,High,72501.17
14667.0,2010-12,1998.1,5,0,0.0,0.0,Lower-Middle,5708.86
14667.0,2011-11,2100.89,6,0,0.0,0.0,Lower-Middle,6002.54
14735.0,2011-05,523.34,7,1,0.14285714285714285,14.29,Low,1495.26
14735.0,2011-11,1161.0,5,0,0.0,0.0,Lower-Middle,3317.14
14808.0,2011-07,646.9499999999999,6,3,0.5,50.0,Low,1848.43
14849.0,2010-12,566.89,5,0,0.0,0.0,Low,1619.69
14849.0,2011-11,1360.66,6,0,0.0,0.0,Lower-Middle,3887.6
14911.0,2010-12,6757.13,16,3,0.1875,18.75,Middle,19306.09
14911.0,2011-01,4896.8,7,1,0.14285714285714285,14.29,Middle,13990.86
14911.0,2011-02,1445.39,5,1,0.2,20.0,Lower-Middle,4129.69
14911.0,2011-03,7053.05,18,3,0.16666666666666666,16.67,Middle,20151.57
14911.0,2011-04,4572.32,8,0,0.0,0.0,Middle,13063.77
14911.0,2011-05,9349.27,20,5,0.25,25.0,High,26712.2
14911.0,2011-06,10065.0,20,3,0.15,15.0,High,28757.14
14911.0,2011-07,13445.33,17,1,0.058823529411764705,5.88,High,38415.23
14911.0,2011-08,7030.29,19,7,0.3684210526315789,36.84,Middle,20086.54
14911.0,2011-09,21012.17,39,11,0.28205128205128205,28.21,High,60034.77
14911.0,2011-10,17433.29,29,5,0.1724137931034483,17.24,High,49809.4
14911.0,2011-11,22536.21,40,6,0.15,15.0,High,64389.17
14911.0,2011-12,6976.37,10,1,0.1,10.0,Middle,19932.49
15039.0,2011-01,2707.2,7,1,0.14285714285714285,14.29,Lower-Middle,7734.86
15039.0,2011-02,2126.6600000000003,5,0,0.0,0.0,Lower-Middle,6076.17
15039.0,2011-03,1985.3700000000001,5,1,0.2,20.0,Lower-Middle,5672.49
15039.0,2011-06,2528.1600000000003,8,3,0.375,37.5,Lower-Middle,7223.31
15039.0,2011-11,812.18,5,0,0.0,0.0,Low,2320.51
15044.0,2010-12,2124.4,6,2,0.3333333333333333,33.33,Lower-Middle,6069.71
15061.0,2010-12,19950.66,12,0,0.0,0.0,High,57001.89
15061.0,2011-01,2655.85,7,2,0.2857142857142857,28.57,Lower-Middle,7588.14
15061.0,2011-03,4300.03,8,1,0.125,12.5,Middle,12285.8
15061.0,2011-09,3933.3599999999997,5,1,0.2,20.0,Middle,11238.17
15078.0,2010-12,807.9000000000001,5,1,0.2,20.0,Low,2308.29
15078.0,2011-07,1110.73,5,1,0.2,20.0,Lower-Middle,3173.51
15098.0,2011-06,649.5,5,2,0.4,40.0,Low,1855.71
15125.0,2011-05,2845.15,5,3,0.6,60.0,Lower-Middle,8129.0
15125.0,2011-06,1065.21,5,1,0.2,20.0,Lower-Middle,3043.46
15159.0,2011-06,1110.3700000000001,5,1,0.2,20.0,Lower-Middle,3172.49
15159.0,2011-10,4964.79,6,1,0.16666666666666666,16.67,Middle,14185.11
15187.0,2011-11,1181.1399999999999,5,1,0.2,20.0,Lower-Middle,3374.69
15189.0,2011-03,798.53,8,4,0.5,50.0,Low,2281.51
15189.0,2011-04,1155.56,7,2,0.2857142857142857,28.57,Lower-Middle,3301.6
15189.0,2011-06,1366.1100000000001,6,2,0.3333333333333333,33.33,Lower-Middle,3903.17
15189.0,2011-07,2403.41,5,0,0.0,0.0,Lower-Middle,6866.89
15189.0,2011-08,2391.1400000000003,5,1,0.2,20.0,Lower-Middle,6831.83
15189.0,2011-09,1507.23,5,0,0.0,0.0,Lower-Middle,4306.37
15291.0,2011-03,587.15,5,2,0.4,40.0,Low,1677.57
15311.0,2010-12,2609.21,13,4,0.3076923076923077,30.77,Lower-Middle,7454.89
15311.0,2011-01,5475.65,12,2,0.16666666666666666,16.67,Middle,15644.71
15311.0,2011-02,4645.150000000001,8,1,0.125,12.5,Middle,13271.86
15311.0,2011-03,6356.55,7,2,0.2857142857142857,28.57,Middle,18161.57
15311.0,2011-04,4156.45,10,4,0.4,40.0,Middle,11875.57
15311.0,2011-05,5796.61,8,2,0.25,25.0,Middle,16561.74
15311.0,2011-06,7365.360000000001,8,2,0.25,25.0,Middle,21043.89
15311.0,2011-07,4736.73,8,0,0.0,0.0,Middle,13533.51
15311.0,2011-08,2865.95,9,3,0.3333333333333333,33.33,Lower-Middle,8188.43
15311.0,2011-09,3334.85,8,1,0.125,12.5,Middle,9528.14
15311.0,2011-10,3302.7400000000002,9,1,0.1111111111111111,11.11,Middle,9436.4
15311.0,2011-11,7707.5199999999995,13,3,0.23076923076923078,23.08,Middle,22021.49
15311.0,2011-12,1066.5700000000002,5,2,0.4,40.0,Lower-Middle,3047.34
15465.0,2011-03,920.4,6,3,0.5,50.0,Low,2629.71
15473.0,2011-10,751.2,8,3,0.375,37.5,Low,2146.29
15482.0,2011-11,4065.22,8,3,0.375,37.5,Middle,11614.91
15498.0,2011-06,2125.55,8,3,0.375,37.5,Lower-Middle,6073.0
15498.0,2011-10,1484.6699999999998,5,1,0.2,20.0,Lower-Middle,4241.91
15502.0,2010-12,544.0,6,3,0.5,50.0,Low,1554.29
15502.0,2011-11,-295.7299999999999,5,3,0.6,60.0,Low,-844.94
15514.0,2010-12,708.44,6,2,0.3333333333333333,33.33,Low,2024.11
15514.0,2011-11,1577.52,5,0,0.0,0.0,Lower-Middle,4507.2
15518.0,2011-01,616.0,5,2,0.4,40.0,Low,1760.0
15615.0,2011-08,1466.67,5,0,0.0,0.0,Lower-Middle,4190.49
15643.0,2011-06,310.29999999999995,5,3,0.6,60.0,Low,886.57
15737.0,2011-06,187.85000000000002,5,2,0.4,40.0,Low,536.71
15769.0,2011-10,4833.0,5,1,0.2,20.0,Middle,13808.57
15804.0,2011-09,782.25,7,3,0.42857142857142855,42.86,Low,2235.0
15805.0,2011-06,470.57000000000005,6,1,0.16666666666666666,16.67,Low,1344.49
15838.0,2011-11,5309.5,5,0,0.0,0.0,Middle,15170.0
15856.0,2011-10,1712.53,5,1,0.2,20.0,Lower-Middle,4892.94
15856.0,2011-12,3110.7,6,0,0.0,0.0,Middle,8887.71
15861.0,2011-11,1306.62,5,1,0.2,20.0,Lower-Middle,3733.2
15881.0,2011-01,323.79,5,2,0.4,40.0,Low,925.11
15955.0,2011-08,1018.03,5,0,0.0,0.0,Lower-Middle,2908.66
15993.0,2011-11,1247.6000000000001,5,2,0.4,40.0,Lower-Middle,3564.57
16013.0,2010-12,1482.0,6,1,0.16666666666666666,16.67,Lower-Middle,4234.29
16013.0,2011-02,2963.1,5,0,0.0,0.0,Lower-Middle,8466.0
16013.0,2011-03,1799.17,5,1,0.2,20.0,Lower-Middle,5140.49
16013.0,2011-06,1660.4999999999998,6,3,0.5,50.0,Lower-Middle,4744.29
16013.0,2011-08,4022.18,6,0,0.0,0.0,Middle,11491.94
16013.0,2011-10,6974.82,6,0,0.0,0.0,Middle,19928.06
16029.0,2010-12,13112.519999999999,6,0,0.0,0.0,High,37464.34
16029.0,2011-01,2049.39,6,1,0.16666666666666666,16.67,Lower-Middle,5855.4
16029.0,2011-03,2781.48,7,1,0.14285714285714285,14.29,Lower-Middle,7947.09
16029.0,2011-05,-3585.8399999999997,9,3,0.3333333333333333,33.33,Low,-10245.26
16029.0,2011-06,3959.6,7,1,0.14285714285714285,14.29,Middle,11313.14
16029.0,2011-07,2124.48,5,1,0.2,20.0,Lower-Middle,6069.94
16029.0,2011-08,10461.7,8,1,0.125,12.5,High,29890.57
16029.0,2011-09,3055.26,10,2,0.2,20.0,Middle,8729.31
16029.0,2011-10,10860.96,11,3,0.2727272727272727,27.27,High,31031.31
16033.0,2011-04,411.88000000000005,5,2,0.4,40.0,Low,1176.8
16120.0,2011-10,1294.14,5,1,0.2,20.0,Lower-Middle,3697.54
16133.0,2011-05,2940.82,6,0,0.0,0.0,Lower-Middle,8402.34
16133.0,2011-08,3004.0,12,3,0.25,25.0,Middle,8582.86
16161.0,2010-12,504.65,5,2,0.4,40.0,Low,1441.86
16168.0,2011-11,855.56,8,1,0.125,12.5,Low,2444.46
16187.0,2011-09,1610.67,5,2,0.4,40.0,Lower-Middle,4601.91
16191.0,2011-01,819.67,9,5,0.5555555555555556,55.56,Low,2341.91
16191.0,2011-11,655.9499999999999,6,4,0.6666666666666666,66.67,Low,1874.14
16306.0,2011-02,321.22,6,3,0.5,50.0,Low,917.77
16333.0,2011-04,7325.84,9,0,0.0,0.0,Middle,20930.97
16362.0,2011-09,305.25,6,3,0.5,50.0,Low,872.14
16422.0,2010-12,1945.26,5,2,0.4,40.0,Lower-Middle,5557.89
16422.0,2011-01,2557.71,5,0,0.0,0.0,Lower-Middle,7307.74
16422.0,2011-02,2198.28,5,0,0.0,0.0,Lower-Middle,6280.8
16422.0,2011-03,3291.94,12,7,0.5833333333333334,58.33,Middle,9405.54
16422.0,2011-04,2978.71,8,4,0.5,50.0,Lower-Middle,8510.6
16422.0,2011-05,4077.48,5,1,0.2,20.0,Middle,11649.94
16422.0,2011-06,4545.93,8,3,0.375,37.5,Middle,12988.37
16422.0,2011-07,2744.54,8,4,0.5,50.0,Lower-Middle,7841.54
16422.0,2011-08,3351.76,5,2,0.4,40.0,Middle,9576.46
16422.0,2011-09,2095.2000000000003,6,1,0.16666666666666666,16.67,Lower-Middle,5986.29
16499.0,2010-12,319.1,5,3,0.6,60.0,Low,911.71
16525.0,2011-05,1547.72,5,1,0.2,20.0,Lower-Middle,4422.06
16549.0,2011-11,2123.19,5,0,0.0,0.0,Lower-Middle,6066.26
16672.0,2011-06,1506.45,6,1,0.16666666666666666,16.67,Lower-Middle,4304.14
16678.0,2011-11,555.09,7,4,0.5714285714285714,57.14,Low,1585.97
16684.0,2011-07,8807.56,5,0,0.0,0.0,High,25164.46
16684.0,2011-10,19180.9,5,0,0.0,0.0,High,54802.57
16705.0,2011-05,1574.2700000000002,5,2,0.4,40.0,Lower-Middle,4497.91
16705.0,2011-11,1194.84,5,1,0.2,20.0,Lower-Middle,3413.83
16729.0,2011-05,1444.17,5,0,0.0,0.0,Lower-Middle,4126.2
16729.0,2011-06,653.16,5,2,0.4,40.0,Low,1866.17
16764.0,2011-11,993.95,7,3,0.42857142857142855,42.86,Low,2839.86
16790.0,2011-11,1340.6200000000001,7,2,0.2857142857142857,28.57,Lower-Middle,3830.34
16837.0,2011-05,1448.5500000000002,6,1,0.16666666666666666,16.67,Lower-Middle,4138.71
16839.0,2011-03,2012.85,6,2,0.3333333333333333,33.33,Lower-Middle,5751.0
16839.0,2011-11,2401.49,6,1,0.16666666666666666,16.67,Lower-Middle,6861.4
16923.0,2011-05,421.89,5,2,0.4,40.0,Low,1205.4
16928.0,2011-08,626.99,5,1,0.2,20.0,Low,1791.4
17017.0,2010-12,2334.8399999999997,6,1,0.16666666666666666,16.67,Lower-Middle,6670.97
17061.0,2011-04,1883.31,5,1,0.2,20.0,Lower-Middle,5380.89
17097.0,2011-08,335.39,5,1,0.2,20.0,Low,958.26
17109.0,2011-11,295.92,5,2,0.4,40.0,Low,845.49
17230.0,2010-12,2597.77,7,1,0.14285714285714285,14.29,Lower-Middle,7422.2
17243.0,2011-11,2624.2,6,0,0.0,0.0,Lower-Middle,7497.71
17315.0,2011-02,436.8,5,1,0.2,20.0,Low,1248.0
17315.0,2011-03,740.9300000000001,5,0,0.0,0.0,Low,2116.94
17315.0,2011-08,863.8199999999999,7,1,0.14285714285714285,14.29,Low,2468.06
17377.0,2011-11,921.4200000000001,5,0,0.0,0.0,Low,2632.63
17389.0,2011-01,224.33999999999992,7,3,0.42857142857142855,42.86,Low,640.97
17389.0,2011-05,935.21,5,1,0.2,20.0,Low,2672.03
17389.0,2011-06,850.38,5,1,0.2,20.0,Low,2429.66
17389.0,2011-07,1996.05,6,1,0.16666666666666666,16.67,Lower-Middle,5703.0
17389.0,2011-08,1027.08,5,3,0.6,60.0,Lower-Middle,2934.51
17389.0,2011-11,12361.36,5,0,0.0,0.0,High,35318.17
17396.0,2011-07,4404.299999999999,5,0,0.0,0.0,Middle,12583.71
17428.0,2011-06,1292.1200000000001,5,1,0.2,20.0,Lower-Middle,3691.77
17434.0,2011-11,1191.54,5,1,0.2,20.0,Lower-Middle,3404.4
17450.0,2011-08,15952.38,5,1,0.2,20.0,High,45578.23
17450.0,2011-09,70246.5,15,4,0.26666666666666666,26.67,High,200704.29
17450.0,2011-11,27837.45,11,1,0.09090909090909091,9.09,High,79535.57
17490.0,2011-12,647.54,5,2,0.4,40.0,Low,1850.11
17504.0,2011-05,1098.8400000000001,7,1,0.14285714285714285,14.29,Lower-Middle,3139.54
17509.0,2011-10,6100.74,11,3,0.2727272727272727,27.27,Middle,17430.69
17511.0,2011-03,7189.0,5,2,0.4,40.0,Middle,20540.0
17511.0,2011-11,10991.36,5,2,0.4,40.0,High,31403.89
17581.0,2011-05,1159.58,5,1,0.2,20.0,Lower-Middle,3313.09
17652.0,2011-10,1122.76,5,2,0.4,40.0,Lower-Middle,3207.89
17675.0,2011-03,1123.35,5,3,0.6,60.0,Lower-Middle,3209.57
17675.0,2011-08,2937.51,6,1,0.16666666666666666,16.67,Lower-Middle,8392.89
17677.0,2010-12,1608.1000000000001,5,1,0.2,20.0,Lower-Middle,4594.57
17677.0,2011-07,1691.7,6,3,0.5,50.0,Lower-Middle,4833.43
17677.0,2011-10,1853.18,5,1,0.2,20.0,Lower-Middle,5294.8
17706.0,2011-07,2635.21,5,2,0.4,40.0,Lower-Middle,7529.17
17706.0,2011-08,1182.53,5,2,0.4,40.0,Lower-Middle,3378.66
17706.0,2011-10,1650.35,5,1,0.2,20.0,Lower-Middle,4715.29
17716.0,2011-09,1415.35,6,1,0.16666666666666666,16.67,Lower-Middle,4043.86
17719.0,2011-08,1569.78,5,1,0.2,20.0,Lower-Middle,4485.09
17757.0,2011-11,1227.72,5,0,0.0,0.0,Lower-Middle,3507.77
17769.0,2011-11,1342.0400000000002,5,1,0.2,20.0,Lower-Middle,3834.4
17790.0,2010-12,399.55,5,0,0.0,0.0,Low,1141.57
17811.0,2011-02,2015.05,5,0,0.0,0.0,Lower-Middle,5757.29
17811.0,2011-03,501.26,5,1,0.2,20.0,Low,1432.17
17811.0,2011-05,521.32,6,3,0.5,50.0,Low,1489.49
17811.0,2011-09,529.8000000000001,6,2,0.3333333333333333,33.33,Low,1513.71
17811.0,2011-10,808.9,5,1,0.2,20.0,Low,2311.14
17811.0,2011-11,1362.09,9,3,0.3333333333333333,33.33,Lower-Middle,3891.69
17837.0,2011-10,1027.28,5,1,0.2,20.0,Lower-Middle,2935.09
17841.0,2010-12,2463.5699999999997,8,2,0.25,25.0,Lower-Middle,7038.77
17841.0,2011-01,1906.43,12,3,0.25,25.0,Lower-Middle,5446.94
17841.0,2011-02,999.76,10,3,0.3,30.0,Low,2856.46
17841.0,2011-03,1463.1,11,2,0.18181818181818182,18.18,Lower-Middle,4180.29
17841.0,2011-04,1727.74,8,2,0.25,25.0,Lower-Middle,4936.4
17841.0,2011-05,2794.37,16,6,0.375,37.5,Lower-Middle,7983.91
17841.0,2011-06,3143.98,12,3,0.25,25.0,Middle,8982.8
17841.0,2011-07,4089.1200000000003,17,5,0.29411764705882354,29.41,Middle,11683.2
17841.0,2011-08,3424.91,13,3,0.23076923076923078,23.08,Middle,9785.46
17841.0,2011-09,3582.41,15,5,0.3333333333333333,33.33,Middle,10235.46
17841.0,2011-10,5150.97,21,5,0.23809523809523808,23.81,Middle,14717.06
17841.0,2011-11,7038.11,22,6,0.2727272727272727,27.27,Middle,20108.89
17850.0,2010-12,5391.21,34,0,0.0,0.0,Middle,15403.46
17857.0,2011-11,5419.92,5,0,0.0,0.0,Middle,15485.49
17865.0,2011-09,1453.5900000000001,6,1,0.16666666666666666,16.67,Lower-Middle,4153.11
17874.0,2011-04,470.34000000000003,5,1,0.2,20.0,Low,1343.83
17912.0,2010-12,274.01,5,1,0.2,20.0,Low,782.89
17949.0,2011-05,2770.2,7,1,0.14285714285714285,14.29,Lower-Middle,7914.86
17949.0,2011-06,20427.98,9,1,0.1111111111111111,11.11,High,58365.66
17949.0,2011-08,-485.1400000000003,7,3,0.42857142857142855,42.86,Low,-1386.11
17949.0,2011-09,7371.6,7,0,0.0,0.0,Middle,21061.71
17949.0,2011-12,2793.36,6,1,0.16666666666666666,16.67,Lower-Middle,7981.03
17961.0,2011-03,64.82000000000001,5,0,0.0,0.0,Low,185.2
17961.0,2011-05,142.45,5,0,0.0,0.0,Low,407.0
17961.0,2011-06,94.05999999999999,5,0,0.0,0.0,Low,268.74
17961.0,2011-09,90.27,5,0,0.0,0.0,Low,257.91
17997.0,2011-09,234.57999999999996,8,4,0.5,50.0,Low,670.23
18073.0,2011-06,1127.12,6,1,0.16666666666666666,16.67,Lower-Middle,3220.34
18102.0,2011-05,18165.739999999998,6,0,0.0,0.0,High,51902.11
18102.0,2011-06,41959.44,5,0,0.0,0.0,High,119884.11
18102.0,2011-07,19889.16,6,1,0.16666666666666666,16.67,High,56826.17
18102.0,2011-09,49622.18,14,0,0.0,0.0,High,141777.66
18102.0,2011-10,52681.270000000004,11,0,0.0,0.0,High,150517.91
18102.0,2011-11,15331.08,6,0,0.0,0.0,High,43803.09
18139.0,2011-11,8393.220000000001,8,2,0.25,25.0,High,23980.63
18172.0,2011-09,1042.04,5,1,0.2,20.0,Lower-Middle,2977.26
18172.0,2011-11,1188.24,6,0,0.0,0.0,Lower-Middle,3394.97
18241.0,2011-08,537.95,7,1,0.14285714285714285,14.29,Low,1537.0
